To put your project into Google Colab, you can follow these steps:

1. **Upload Your Files**: You can upload your project files directly to Google Colab. Use the file upload feature in Colab to upload your `.py` files, data files, and any other necessary resources.

2. **Mount Google Drive**: If your project files are stored in Google Drive, you can mount your Google Drive in Colab. This allows you to access files directly from your Drive.

   Use the following code to mount your Google Drive:

   from google.colab import drive
   drive.mount('/content/drive')

3. **Install Required Libraries**: Make sure to install any libraries that your project depends on. You can do this using pip commands in a code cell.

   For example:
   !pip install pandas numpy torch torch-geometric

4. **Run Your Code**: You can run your Python scripts directly in Colab. If your project is structured in a way that requires running specific scripts, you can use the following command:

   !python /path/to/your/script.py

5. **Use Notebooks**: If your project involves data analysis or visualization, consider converting your scripts into Jupyter notebooks. This allows you to run code in cells and visualize outputs inline.

6. **Save Your Work**: After making changes or running your project, you can save your work back to Google Drive or download the modified files.

By following these steps, you can effectively run your project in Google Colab. If you have specific files or code that you need help with, please let me know!